Date,kWh
2017-01-01,393707.0499999999
2017-01-02,538022.6299999994
2017-01-03,549714.0900000002
2017-01-04,548953.1199999998
2017-01-05,545259.2799999999
2017-01-06,476644.64
2017-01-07,441790.8300000003
2017-01-08,427113.2200000001
2017-01-09,629581.7799999999
2017-01-10,635106.3400000002
2017-01-11,641858.3599999998
2017-01-12,642418.0399999997
2017-01-13,626061.8099999996
2017-01-14,446133.3299999999
2017-01-15,430397.09999999986
2017-01-16,637192.4500000003
2017-01-17,643190.7900000003
2017-01-18,640856.5500000006
2017-01-19,637519.5899999997
2017-01-20,626261.2700000001
2017-01-21,449068.35999999923
2017-01-22,427766.95999999996
2017-01-23,633041.0899999997
2017-01-24,638963.3199999998
2017-01-25,643328.0299999997
2017-01-26,637582.840000001
2017-01-27,611295.7799999998
2017-01-28,445632.3299999999
2017-01-29,429299.61000000057
2017-01-30,633873.1799999995
2017-01-31,626986.91
2017-02-01,634017.3800000002
2017-02-02,639621.9799999999
2017-02-03,620260.0199999998
2017-02-04,435123.5900000001
2017-02-05,430423.8400000004
2017-02-06,640569.6499999999
2017-02-07,633460.7000000001
2017-02-08,640729.7800000003
2017-02-09,641991.0000000002
2017-02-10,630056.8699999998
2017-02-11,459117.9600000006
2017-02-12,439790.60000000015
2017-02-13,622970.6400000001
2017-02-14,610237.6799999999
2017-02-15,624006.3099999999
2017-02-16,621010.6000000008
2017-02-17,599202.1
2017-02-18,421744.9800000002
2017-02-19,419627.81000000023
2017-02-20,555626.5100000002
2017-02-21,557476.0900000002
2017-02-22,562303.8000000003
2017-02-23,559821.1100000002
2017-02-24,552533.5300000004
2017-02-25,436670.39999999997
2017-02-26,421835.0299999998
2017-02-27,625556.6899999996
2017-02-28,622440.1100000001
2017-03-01,628832.1699999999
2017-03-02,626149.2700000003
2017-03-03,612231.8700000003
2017-03-04,444322.8300000001
2017-03-05,426015.4799999997
2017-03-06,615999.7900000002
2017-03-07,632808.8600000001
2017-03-08,626601.6499999996
2017-03-09,617867.32
2017-03-10,595053.7500000002
2017-03-11,426726.03999999946
2017-03-12,420309.05000000016
2017-03-13,615549.3799999998
2017-03-14,619940.5800000001
2017-03-15,596336.9499999995
2017-03-16,586128.3899999995
2017-03-17,599759.8999999999
2017-03-18,420095.7500000001
2017-03-19,407364.8099999998
2017-03-20,593684.74
2017-03-21,609459.9599999989
2017-03-22,604617.4999999995
2017-03-23,589641.86
2017-03-24,579544.8899999998
2017-03-25,416324.45
2017-03-26,378595.86
2017-03-27,564769.7800000004
2017-03-28,579715.5100000002
2017-03-29,587604.72
2017-03-30,587537.8200000002
2017-03-31,591859.8299999998
2017-04-01,422938.8899999995
2017-04-02,393052.6199999999
2017-04-03,585981.7899999995
2017-04-04,585992.13
2017-04-05,589973.59
2017-04-06,571970.9100000004
2017-04-07,565513.4900000003
2017-04-08,407572.10999999975
2017-04-09,402254.87000000064
2017-04-10,569157.6099999996
2017-04-11,564930.6999999998
2017-04-12,575013.8800000001
2017-04-13,558161.3499999994
2017-04-14,431133.2500000007
2017-04-15,386062.45999999956
2017-04-16,388179.4599999999
2017-04-17,425132.92000000004
2017-04-18,572207.3799999998
2017-04-19,572819.1900000002
2017-04-20,572295.92
2017-04-21,556837.4800000001
2017-04-22,395738.03999999963
2017-04-23,387603.0600000001
2017-04-24,556351.7899999998
2017-04-25,576067.67
2017-04-26,581882.4200000004
2017-04-27,566434.1
2017-04-28,553547.5000000001
2017-04-29,404325.75999999983
2017-04-30,384281.81999999995
2017-05-01,412464.9100000002
2017-05-02,537534.7100000001
2017-05-03,537309.1200000008
2017-05-04,540480.1299999998
2017-05-05,525680.9
2017-05-06,371173.3399999997
2017-05-07,360621.7999999997
2017-05-08,545762.3200000002
2017-05-09,563390.8500000003
2017-05-10,565323.4500000004
2017-05-11,559663.7999999996
2017-05-12,541178.5099999999
2017-05-13,379316.7700000002
2017-05-14,359741.66999999975
2017-05-15,544056.53
2017-05-16,538848.3800000002
2017-05-17,541367.6199999999
2017-05-18,543659.3699999999
2017-05-19,517540.58999999973
2017-05-20,370642.50000000047
2017-05-21,350205.9499999998
2017-05-22,529352.2100000001
2017-05-23,510200.5199999998
2017-05-24,514001.51999999967
2017-05-25,391745.8399999999
2017-05-26,488599.10000000003
2017-05-27,352643.98000000016
2017-05-28,344251.6699999995
2017-05-29,506284.6399999999
2017-05-30,513509.71
2017-05-31,520298.38000000035
2017-06-01,520400.3400000005
2017-06-02,513799.86000000045
2017-06-03,371218.61000000016
2017-06-04,335446.96999999986
2017-06-05,490258.5499999999
2017-06-06,476460.0300000003
2017-06-07,472869.33000000037
2017-06-08,493632.4999999997
2017-06-09,469653.9300000002
2017-06-10,358616.1400000001
2017-06-11,346069.5299999999
2017-06-12,492641.75999999954
2017-06-13,479257.8799999997
2017-06-14,462164.54999999894
2017-06-15,456865.2400000001
2017-06-16,453019.58000000025
2017-06-17,355637.33999999997
2017-06-18,330030.69
2017-06-19,454988.03000000014
2017-06-20,468643.33999999997
2017-06-21,454039.49000000005
2017-06-22,439419.73999999964
2017-06-23,357228.53999999975
2017-06-24,321579.70999999996
2017-06-25,318022.6100000002
2017-06-26,427676.2999999999
2017-06-27,435261.5699999999
2017-06-28,430896.00999999983
2017-06-29,430948.6700000002
2017-06-30,420434.0600000002
2017-07-01,328311.95000000024
2017-07-02,314243.8200000001
2017-07-03,410636.48000000004
2017-07-04,410760.08999999985
2017-07-05,413671.7600000002
2017-07-06,413141.90999999986
2017-07-07,401525.2400000003
2017-07-08,328225.71000000014
2017-07-09,315139.47999999986
2017-07-10,405237.94
2017-07-11,411075.94999999995
2017-07-12,415117.7499999998
2017-07-13,410472.05
2017-07-14,397796.1400000001
2017-07-15,326589.1700000003
2017-07-16,313056.84999999986
2017-07-17,403931.1399999997
2017-07-18,401405.1399999995
2017-07-19,402684.78000000026
2017-07-20,402359.3099999998
2017-07-21,394649.43000000005
2017-07-22,325466.9799999996
2017-07-23,314024.6799999998
2017-07-24,401248.59000000026
2017-07-25,405683.88
2017-07-26,403673.9700000003
2017-07-27,406771.31999999995
2017-07-28,411045.3200000002
2017-07-29,332811.64
2017-07-30,321111.7099999997
2017-07-31,433909.0899999996
2017-08-01,435437.60000000003
2017-08-02,447750.47999999946
2017-08-03,441011.7
2017-08-04,448880.22
2017-08-05,343080.55999999936
2017-08-06,331197.3899999999
2017-08-07,470908.29999999993
2017-08-08,481905.67000000033
2017-08-09,484297.62999999995
2017-08-10,514623.25000000006
2017-08-11,494553.33
2017-08-12,378983.16999999963
2017-08-13,351805.13999999984
2017-08-14,512510.5899999999
2017-08-15,514254.70000000036
2017-08-16,528071.7600000001
2017-08-17,531914.56
2017-08-18,526307.4399999996
2017-08-19,375070.5399999997
2017-08-20,359339.52999999985
2017-08-21,526798.2499999992
2017-08-22,538964.5399999997
2017-08-23,536166.7999999997
2017-08-24,536179.3200000005
2017-08-25,528013.08
2017-08-26,373424.99999999977
2017-08-27,353141.3100000001
2017-08-28,532230.7399999999
2017-08-29,528921.1000000006
2017-08-30,543556.5800000002
2017-08-31,547041.6400000007
2017-09-01,529358.1000000004
2017-09-02,372085.7200000004
2017-09-03,358639.32
2017-09-04,538088.7299999995
2017-09-05,545715.05
2017-09-06,543805.8200000003
2017-09-07,555843.44
2017-09-08,533545.1300000001
2017-09-09,389275.18999999977
2017-09-10,355534.9200000001
2017-09-11,546543.6199999998
2017-09-12,553761.8799999997
2017-09-13,555559.3300000002
2017-09-14,548929.3500000002
2017-09-15,546318.97
2017-09-16,376599.60000000003
2017-09-17,369947.43000000005
2017-09-18,545829.6299999999
2017-09-19,565239.1900000002
2017-09-20,563606.4199999997
2017-09-21,564260.95
2017-09-22,563578.22
2017-09-23,395687.86000000057
2017-09-24,367916.92000000004
2017-09-25,559702.8400000008
2017-09-26,565417.8499999999
2017-09-27,568443.6100000003
2017-09-28,566117.8300000007
2017-09-29,553684.0399999996
2017-09-30,400577.13999999996
2017-10-01,388591.84
2017-10-02,576895.0599999996
2017-10-03,588671.8500000001
2017-10-04,583039.6000000003
2017-10-05,580545.4499999997
2017-10-06,570152.2600000001
2017-10-07,411366.81000000006
2017-10-08,388584.79999999976
2017-10-09,588422.0100000006
2017-10-10,595676.2599999999
2017-10-11,597535.1299999998
2017-10-12,598098.2199999994
2017-10-13,573800.3
2017-10-14,414745.4500000004
2017-10-15,392445.32
2017-10-16,531540.3800000001
2017-10-17,536054.7
2017-10-18,529831.32
2017-10-19,533682.29
2017-10-20,537166.2899999998
2017-10-21,431677.3499999997
2017-10-22,413771.62000000017
2017-10-23,608868.66
2017-10-24,619467.6200000001
2017-10-25,614803.4099999997
2017-10-26,632611.0599999999
2017-10-27,623215.46
2017-10-28,442371.6000000003
2017-10-29,441284.73000000033
2017-10-30,624128.4299999999
2017-10-31,623786.6900000003
2017-11-01,632249.7099999997
2017-11-02,624938.4900000009
2017-11-03,602676.0200000001
2017-11-04,414964.53000000055
2017-11-05,400664.01999999984
2017-11-06,603433.6900000004
2017-11-07,607423.3200000003
2017-11-08,611683.6300000001
2017-11-09,610219.97
2017-11-10,587937.7999999997
2017-11-11,428384.7499999997
2017-11-12,416424.22999999986
2017-11-13,619434.2600000002
2017-11-14,616603.9900000006
2017-11-15,619774.9999999998
2017-11-16,625915.1199999998
2017-11-17,608810.6199999995
2017-11-18,441012.44000000024
2017-11-19,427846.08999999973
2017-11-20,638270.8699999994
2017-11-21,645886.4299999991
2017-11-22,649442.5800000005
2017-11-23,649150.24
2017-11-24,621404.3299999997
2017-11-25,451779.9100000001
2017-11-26,442536.4899999998
2017-11-27,634041.5699999993
2017-11-28,644448.2300000001
2017-11-29,656433.3500000002
2017-11-30,646066.6299999998
2017-12-01,639995.2900000003
2017-12-02,469236.9199999995
2017-12-03,442259.23
2017-12-04,644542.1099999999
2017-12-05,638285.2699999996
2017-12-06,491275.49000000005
2017-12-07,644590.4199999997
2017-12-08,632449.5100000004
2017-12-09,461449.8199999997
2017-12-10,450803.52000000014
2017-12-11,637830.5899999999
2017-12-12,657613.4000000004
2017-12-13,654104.1899999995
2017-12-14,650540.8600000005
2017-12-15,644265.1100000006
2017-12-16,472885.21999999986
2017-12-17,451518.3799999998
2017-12-18,634971.38
2017-12-19,649335.2500000005
2017-12-20,638214.1300000005
2017-12-21,625128.64
2017-12-22,593290.2799999998
2017-12-23,442229.84
2017-12-24,409736.49
2017-12-25,461634.9099999997
2017-12-26,468216.14000000036
2017-12-27,527145.4999999998
2017-12-28,536583.2599999995
2017-12-29,529590.3300000003
2017-12-30,445094.1900000001
2017-12-31,423774.5800000001
2018-01-01,459648.42000000045
2018-01-02,537685.2200000007
2018-01-03,549684.11
2018-01-04,556529.6299999998
2018-01-05,550157.4999999998
2018-01-06,438539.63
2018-01-07,436810.14999999997
2018-01-08,641031.7000000002
2018-01-09,631612.1399999997
2018-01-10,649435.24
2018-01-11,644375.0800000005
2018-01-12,639961.7000000005
2018-01-13,462644.4100000001
2018-01-14,453146.5599999996
2018-01-15,654308.320000001
2018-01-16,663081.7699999999
2018-01-17,654191.0799999995
2018-01-18,653846.6099999994
2018-01-19,637262.9100000005
2018-01-20,470081.7799999999
2018-01-21,446014.15999999974
2018-01-22,647182.7700000001
2018-01-23,649686.1300000001
2018-01-24,661588.0400000003
2018-01-25,642521.6799999996
2018-01-26,632909.1699999993
2018-01-27,453933.8800000002
2018-01-28,457455.41000000003
2018-01-29,634558.8700000002
2018-01-30,646891.9999999991
2018-01-31,636696.980000001
2018-02-01,646961.7700000007
2018-02-02,606635.85
2018-02-03,468643.32999999926
2018-02-04,452424.5400000001
2018-02-05,645411.8199999997
2018-02-06,657579.87
2018-02-07,657300.7500000001
2018-02-08,644731.4400000004
2018-02-09,635272.7699999999
2018-02-10,474424.5500000005
2018-02-11,456920.28999999986
2018-02-12,650184.7300000008
2018-02-13,648438.1900000002
2018-02-14,647272.9800000002
2018-02-15,645496.1899999997
2018-02-16,626394.1499999994
2018-02-17,454109.17999999964
2018-02-18,446694.8600000001
2018-02-19,580871.2199999992
2018-02-20,577153.7100000001
2018-02-21,576914.5200000003
2018-02-22,576811.7100000003
2018-02-23,571284.7500000002
2018-02-24,466153.39000000013
2018-02-25,451869.0399999998
2018-02-26,641217.46
2018-02-27,641717.3299999995
2018-02-28,642242.3599999998
2018-03-01,630642.1599999995
2018-03-02,627215.6199999996
2018-03-03,467147.58000000083
2018-03-04,450601.51
2018-03-05,635584.8699999999
2018-03-06,639150.1000000006
2018-03-07,631718.6100000001
2018-03-08,640742.4700000006
2018-03-09,622078.9000000003
2018-03-10,455841.4500000001
2018-03-11,436722.4399999998
2018-03-12,624297.7900000004
2018-03-13,627101.44
2018-03-14,629945.3800000002
2018-03-15,626015.6299999997
2018-03-16,615593.8499999997
2018-03-17,456222.40999999945
2018-03-18,434363.2
2018-03-19,615664.9300000003
2018-03-20,627713.71
2018-03-21,625166.9000000008
2018-03-22,619848.8800000004
2018-03-23,609949.4199999993
2018-03-24,451176.6199999998
2018-03-25,404357.36999999994
2018-03-26,611508.7200000002
2018-03-27,617631.2700000006
2018-03-28,618656.2099999998
2018-03-29,587180.3700000005
2018-03-30,458053.30000000016
2018-03-31,411029.3300000001
2018-04-01,408342.1800000001
2018-04-02,464610.9300000004
2018-04-03,598809.3399999999
2018-04-04,601382.8500000003
2018-04-05,597567.9800000001
2018-04-06,588021.3499999999
2018-04-07,421859.7199999997
2018-04-08,402401.92000000004
2018-04-09,571843.5500000003
2018-04-10,586196.9900000001
2018-04-11,587208.6199999996
2018-04-12,581956.9099999999
2018-04-13,563049.3900000004
2018-04-14,401220.1100000005
2018-04-15,376420.8900000003
2018-04-16,574902.28
2018-04-17,557182.9199999998
2018-04-18,563169.7100000001
2018-04-19,546765.2099999998
2018-04-20,535910.2199999999
2018-04-21,386453.8100000005
2018-04-22,379084.8900000005
2018-04-23,556128.1400000002
2018-04-24,560243.6599999999
2018-04-25,556361.0299999996
2018-04-26,544961.3999999998
2018-04-27,536585.7400000002
2018-04-28,386192.35000000027
2018-04-29,378363.2499999999
2018-04-30,487621.30000000016
2018-05-01,414421.21000000014
2018-05-02,548932.78
2018-05-03,548810.34
2018-05-04,528492.57
2018-05-05,383974.6899999999
2018-05-06,354332.8700000003
2018-05-07,527128.96
2018-05-08,526224.3300000002
2018-05-09,524452.0900000002
2018-05-10,408473.3599999999
2018-05-11,489074.09000000014
2018-05-12,369306.8000000005
2018-05-13,359302.59999999974
2018-05-14,527217.84
2018-05-15,535023.7900000002
2018-05-16,531384.12
2018-05-17,527626.3499999997
2018-05-18,521902.35000000015
2018-05-19,372131.0500000002
2018-05-20,353626.7500000002
2018-05-21,528351.3999999997
2018-05-22,526372.2700000001
2018-05-23,536650.2299999999
2018-05-24,518098.36
2018-05-25,512269.24000000034
2018-05-26,368193.3099999997
2018-05-27,358540.0099999999
2018-05-28,512617.0499999999
2018-05-29,522783.03999999946
2018-05-30,508969.36999999994
2018-05-31,507840.85999999975
2018-06-01,492215.53
2018-06-02,381858.4099999997
2018-06-03,355650.4800000002
2018-06-04,482332.51000000036
2018-06-05,481741.9399999999
2018-06-06,487473.82000000007
2018-06-07,479275.08000000025
2018-06-08,467845.0399999992
2018-06-09,354986.5800000004
2018-06-10,339601.47999999986
2018-06-11,466551.08000000013
2018-06-12,477871.23000000004
2018-06-13,469730.5500000001
2018-06-14,457880.4900000001
2018-06-15,457508.3500000001
2018-06-16,343254.97000000003
2018-06-17,332683.0199999998
2018-06-18,454601.32
2018-06-19,458462.4300000002
2018-06-20,447598.3999999996
2018-06-21,434689.1100000002
2018-06-22,365694.58000000025
2018-06-23,318670.77999999997
2018-06-24,315625.32000000007
2018-06-25,427946.6
2018-06-26,426064.71000000037
2018-06-27,427106.96000000014
2018-06-28,433574.48000000016
2018-06-29,426922.5500000002
2018-06-30,333460.9800000001
2018-07-01,322812.39
2018-07-02,423561.2499999996
2018-07-03,428616.82000000024
2018-07-04,418498.13000000035
2018-07-05,418661.13999999955
2018-07-06,411517.42999999947
2018-07-07,338446.3200000001
2018-07-08,323498.6399999999
2018-07-09,412179.64999999973
2018-07-10,412794.3300000002
2018-07-11,417967.2999999995
2018-07-12,423260.4900000003
2018-07-13,417717.15999999974
2018-07-14,350539.46
2018-07-15,348797.97999999986
2018-07-16,436473.25
2018-07-17,437650.5199999996
2018-07-18,434802.19000000047
2018-07-19,433710.95000000024
2018-07-20,432997.6100000008
2018-07-21,360330.72000000015
2018-07-22,346904.9900000001
2018-07-23,429056.54999999993
2018-07-24,437580.4199999997
2018-07-25,441293.82000000036
2018-07-26,443608.37000000017
2018-07-27,442055.44
2018-07-28,368298.45000000007
2018-07-29,358387.84000000014
2018-07-30,460538.28999999934
2018-07-31,458824.95999999985
2018-08-01,473081.7900000006
2018-08-02,481278.5600000001
2018-08-03,478794.8500000001
2018-08-04,374369.4799999999
2018-08-05,358881.6500000002
2018-08-06,475902.1900000001
2018-08-07,484707.5900000002
2018-08-08,492556.5699999994
2018-08-09,515361.1399999996
2018-08-10,513775.62999999995
2018-08-11,378935.7099999993
2018-08-12,359016.1900000001
2018-08-13,517937.5899999997
2018-08-14,513091.6699999999
2018-08-15,530227.8599999998
2018-08-16,520595.26999999984
2018-08-17,524134.12000000017
2018-08-18,383650.07999999955
2018-08-19,370255.5900000004
2018-08-20,530114.0000000002
2018-08-21,525538.5799999998
2018-08-22,523030.46999999986
2018-08-23,532992.6100000005
2018-08-24,516918.4599999997
2018-08-25,373369.30999999994
2018-08-26,355340.3199999997
2018-08-27,527215.54
2018-08-28,532115.3699999999
2018-08-29,530504.56
2018-08-30,535422.5599999997
2018-08-31,524692.2500000001
2018-09-01,378175.15999999986
2018-09-02,361881.4900000004
2018-09-03,499608.4662372062
2018-09-04,511788.51247441163
2018-09-05,510612.3687116166
2018-09-06,510496.2249488221
2018-09-07,498358.071186028
2018-09-08,363823.41742323333
2018-09-09,345497.94366043917
2018-09-10,515405.0098976449
2018-09-11,514701.9161348501
2018-09-12,514085.9223720558
2018-09-13,502660.2386092613
2018-09-14,499710.37484646664
2018-09-15,361496.4710836728
2018-09-16,345545.7273208785
2018-09-17,521369.3335580834
2018-09-18,517865.079795289
2018-09-19,509973.73603249463
2018-09-20,503409.5322697008
2018-09-21,505735.9285069057
2018-09-22,363932.1347441116
2018-09-23,339805.75098131696
2018-09-24,517687.0072185224
2018-09-25,525682.2234557283
2018-09-26,532407.8796929339
2018-09-27,520073.0659301397
2018-09-28,514880.1021673453
2018-09-29,376449.3584045509
2018-09-30,353743.81464175624
2018-10-01,520237.87087896187
2018-10-02,529008.287116168
2018-10-03,546253.1433533729
2018-10-04,543885.2595905788
2018-10-05,534574.5958277842
2018-10-06,382584.19206498965
2018-10-07,368984.64830219565
2018-10-08,539068.2428195428
2018-10-09,533224.5573368899
2018-10-10,526337.0718542379
2018-10-11,525951.996371585
2018-10-12,517614.040888933
2018-10-13,373991.9754062795
2018-10-14,358985.20992362715
2018-10-15,481023.9744409749
2018-10-16,484915.8989583224
2018-10-17,491173.70347566926
2018-10-18,484900.12799301674
2018-10-19,482588.0725103643
2018-10-20,385697.72702771187
2018-10-21,369262.3515450591
2018-10-22,526491.6260624072
2018-10-23,544293.4805797539
2018-10-24,558595.2750971019
2018-10-25,561409.3296144494
2018-10-26,554518.9141317963
2018-10-27,421437.7086491439
2018-10-28,420026.4031664915
2018-10-29,584100.5176838386
2018-10-30,585293.4122011857
2018-10-31,568857.5667185336
2018-11-01,558094.3712358812
2018-11-02,551963.8157532288
2018-11-03,401719.09027057554
2018-11-04,394137.8247879232
2018-11-05,565019.0293052708
2018-11-06,571737.4238226183
2018-11-07,568511.2378784275
2018-11-08,581778.2149645392
2018-11-09,569665.3507446806
2018-11-10,409688.72652482253
2018-11-11,384696.0023049645
2018-11-12,579285.002529551
2018-11-13,579235.6827541374
2018-11-14,568863.596589834
2018-11-15,565384.7504255316
2018-11-16,556843.6242612294
2018-11-17,436197.20809692703
2018-11-18,431099.2719326239
2018-11-19,585252.6557683218
2018-11-20,589326.4462706861
2018-11-21,586827.2967730497
2018-11-22,600434.7247754136
2018-11-23,593584.7650000002
2018-11-24,436928.715224586
2018-11-25,424997.4554491726
2018-11-26,607925.3256737585
2018-11-27,611032.5758983457
2018-11-28,609275.1461229315
2018-11-29,613630.816347518
2018-11-30,608487.4765721037
2018-12-01,449433.2267966901
2018-12-02,429165.1270212766
2018-12-03,613351.6672458623
2018-12-04,606642.6874704497
2018-12-05,593226.1476950358
2018-12-06,463116.50791962165
2018-12-07,552316.858144208
2018-12-08,441478.66836879385
2018-12-09,412459.2085933807
2018-12-10,597603.0788179673
2018-12-11,609537.179042553
2018-12-12,613565.58926714
2018-12-13,618158.0994917257
2018-12-14,611297.1697163122
2018-12-15,455700.2899408982
2018-12-16,440284.1401654848
2018-12-17,619079.3003900715
2018-12-18,621969.3861702126
2018-12-19,621821.4619503533
2018-12-20,614606.2577304969
2018-12-21,591106.4835106384
2018-12-22,446140.5792907807
2018-12-23,425262.055070922
2018-12-24,450038.79085106397
2018-12-25,450432.0066312058
2018-12-26,449244.59241134784
2018-12-27,512031.598191489
2018-12-28,514594.15397163096
2018-12-29,431856.4497517734
2018-12-30,420795.87553191447
2018-12-31,505887.11131205695
2019-01-01,445418.09391038073
2019-01-02,531961.8265087046
2019-01-03,542870.7991070275
2019-01-04,543215.7817053517
2019-01-05,457773.504303675
2019-01-06,449929.6869019984
2019-01-07,621468.799500322
2019-01-08,628448.0320986452
2019-01-09,633407.6896969699
2019-01-10,637601.1148484848
2019-01-11,638976.4400000004
2019-01-12,466916.9399999999
2019-01-13,453498.97
2019-01-14,643382.0200000004
2019-01-15,655458.5600000003
2019-01-16,659138.9900000005
2019-01-17,660351.8800000007
2019-01-18,651929.9366666664
2019-01-19,634200.4533333337
2019-01-20,628543.045
2019-01-21,650480.8499999997
2019-01-22,655724.8200000003
2019-01-23,663211.5799999998
2019-01-24,661108.9399999997
2019-01-25,653275.6599999998
2019-01-26,483215.70000000036
2019-01-27,470526.1199999997
2019-01-28,659182.3999999996
2019-01-29,655618.8200000002
2019-01-30,654327.9999999997
2019-01-31,650692.7699999997
2019-02-01,647761.0650000001
2019-02-02,479035.05000000005
2019-02-03,455561.1499999998
2019-02-04,557550.1199999999
2019-02-05,653081.6100000005
2019-02-06,653407.2399999995
2019-02-07,649840.5699999998
2019-02-08,635653.3399999997
2019-02-09,471943.0400000004
2019-02-10,455871.18999999977
2019-02-11,641164.22
2019-02-12,643198.5400000002
2019-02-13,645976.1799999997
2019-02-14,627535.8500000003
2019-02-15,606871.9899999998
2019-02-16,439966.33999999997
2019-02-17,437448.82999999955
2019-02-18,579500.58
2019-02-19,582110.5899999994
2019-02-20,584846.91
2019-02-21,587350.9399999998
2019-02-22,580255.4000000003
2019-02-23,456153.71000000014
2019-02-24,440171.1799999997
2019-02-25,606455.5400000003
2019-02-26,625586.000000001
2019-02-27,625283.2800000004
2019-02-28,618375.2500000002
2019-03-01,620209.7000000001
2019-03-02,456367.18999999977
2019-03-03,443001.5599999999
2019-03-04,632412.0100000001
2019-03-05,635739.8600000005
2019-03-06,637279.8999999998
2019-03-07,633431.2200000007
2019-03-08,608455.8200000002
2019-03-09,459032.1300000003
2019-03-10,442920.1800000006
2019-03-11,627429.8600000005
2019-03-12,632289.1100000005
2019-03-13,636191.7899999998
2019-03-14,628033.6000000001
2019-03-15,611065.0700000001
2019-03-16,447684.18999999977
2019-03-17,431366.9299999997
2019-03-18,613508.3199999998
2019-03-19,610416.9800000006
2019-03-20,618769.0399999997
2019-03-21,606619.8800000002
2019-03-22,591107.3100000004
2019-03-23,446022.23000000033
2019-03-24,419703.86999999976
2019-03-25,605128.6499999998
2019-03-26,608746.0099999998
2019-03-27,605375.6199999995
2019-03-28,597238.7000000001
2019-03-29,564319.5299999998
2019-03-30,415762.48000000033
2019-03-31,394265.93000000005
2019-04-01,589973.0399999998
2019-04-02,591019.9099999997
2019-04-03,585734.2399999999
2019-04-04,571447.81
2019-04-05,565167.0599999999
2019-04-06,406944.54000000015
2019-04-07,394403.3399999999
2019-04-08,589638.7999999999
2019-04-09,603233.6899999997
2019-04-10,613670.3600000001
2019-04-11,604038.3799999998
2019-04-12,581401.4799999996
2019-04-13,431226.44999999984
2019-04-14,418619.9521212121
2019-04-15,571053.4442424241
2019-04-16,561151.3863636362
2019-04-17,560850.6984848488
2019-04-18,531573.4606060608
2019-04-19,414972.28272727254
2019-04-20,369216.1248484847
2019-04-21,373025.1469696971
2019-04-22,416084.879090909
2019-04-23,539897.8912121205
2019-04-24,538917.9933333334
2019-04-25,543345.6454545449
2019-04-26,539005.7775757577
2019-04-27,385561.8696969693
2019-04-28,378756.44181818195
2019-04-29,550453.6239393938
2019-04-30,531352.4960606062
2019-05-01,413030.16818181874
2019-05-02,562866.4603030302
2019-05-03,571442.732424242
2019-05-04,417103.2545454541
2019-05-05,392467.0666666667
2019-05-06,548680.3387878787
2019-05-07,551013.670909091
2019-05-08,551520.7630303032
2019-05-09,545223.175151515
2019-05-10,543079.207272727
2019-05-11,394945.1593939395
2019-05-12,377295.44151515135
2019-05-13,548917.9536363634
2019-05-14,544138.6557575758
2019-05-15,543325.9178787888
2019-05-16,532837.25
2019-05-17,519843.88000000024
2019-05-18,376847.9
2019-05-19,366557.95000000024
2019-05-20,521573.3700000002
2019-05-21,527859.5299999994
2019-05-22,528798.8699999998
2019-05-23,538077.1199999994
2019-05-24,532376.2000000001
2019-05-25,383838.5500000002
2019-05-26,383414.0899999999
2019-05-27,538612.2999999999
2019-05-28,530314.9199999996
2019-05-29,525071.95
2019-05-30,414004.0300000002
2019-05-31,510925.31999999966
2019-06-01,385578.1700000003
2019-06-02,372220.1600000001
2019-06-03,494526.5000000003
2019-06-04,495609.16999999987
2019-06-05,496084.46000000054
2019-06-06,497168.3599999999
2019-06-07,496274.72000000015
2019-06-08,381927.2999999999
2019-06-09,365365.68999999994
2019-06-10,481426.4499999994
2019-06-11,488687.3900000004
2019-06-12,483366.3199999997
2019-06-13,491167.11000000004
2019-06-14,476766.45999999996
2019-06-15,358244.8200000001
2019-06-16,349155.9599999996
2019-06-17,469906.2912121213
2019-06-18,470946.902424243
2019-06-19,467765.0036363639
2019-06-20,454114.70484848495
2019-06-21,385179.9760606061
2019-06-22,334263.747272727
2019-06-23,330914.588484848
2019-06-24,442411.0996969695
2019-06-25,443381.47090909077
2019-06-26,445588.0821212124
2019-06-27,449734.3333333333
2019-06-28,434141.1545454546
2019-06-29,341688.6857575759
2019-06-30,334557.81696969713
2019-07-01,427220.01818181784
2019-07-02,431223.63939393935
2019-07-03,431420.59060606034
2019-07-04,430363.2618181817
2019-07-05,425577.88303030265
2019-07-06,343473.93424242415
2019-07-07,334349.17545454536
2019-07-08,424794.8166666665
2019-07-09,429413.4178787879
2019-07-10,424167.94909090945
2019-07-11,427664.2103030305
2019-07-12,417261.3815151515
2019-07-13,338033.72272727266
2019-07-14,326867.69393939426
2019-07-15,413827.9351515158
2019-07-16,416101.4763636362
2019-07-17,417616.1775757574
2019-07-18,422665.22878787876
2019-07-19,416384.17000000004
2019-07-20,345244.4599999999
2019-07-21,340348.71000000014
2019-07-22,424864.42000000016
2019-07-23,427692.8200000003
2019-07-24,434812.19
2019-07-25,429458.1499999998
2019-07-26,430876.31999999954
2019-07-27,366786.70999999985
2019-07-28,360967.89999999973
2019-07-29,433988.58000000037
2019-07-30,432715.01999999996
2019-07-31,430478.9100000005
2019-08-01,434561.2999999999
2019-08-02,433492.56999999983
2019-08-03,343345.40000000026
2019-08-04,335326.2199999996
2019-08-05,458705.4800000003
2019-08-06,469256.2499999998
2019-08-07,483298.3899999998
2019-08-08,497098.0300000002
2019-08-09,491070.2100000006
2019-08-10,359725.02000000014
2019-08-11,352212.4400000002
2019-08-12,519820.70000000024
2019-08-13,523839.01000000024
2019-08-14,526752.5100000001
2019-08-15,522690.88000000047
2019-08-16,514968.9999999998
2019-08-17,377389.97000000003
2019-08-18,365993.6300000003
2019-08-19,541430.0699999998
2019-08-20,535571.1
2019-08-21,532622.6799999994
2019-08-22,528258.0699999997
2019-08-23,537994.0899999996
2019-08-24,382241.08999999973
2019-08-25,367869.9899999998
2019-08-26,539512.5479999996
2019-08-27,535997.026
2019-08-28,547210.4939999996
2019-08-29,542266.532
2019-08-30,547650.0899999997
2019-08-31,387093.72999999975
2019-09-01,375654.39999999997
2019-09-02,543152.85
2019-09-03,543470.7499999997
2019-09-04,545644.6900000002
2019-09-05,548372.5399999997
2019-09-06,535145.2200000001
2019-09-07,393861.88999999984
2019-09-08,378382.0899999998
2019-09-09,558700.2700000003
2019-09-10,552024.3500000002
2019-09-11,559156.3700000001
2019-09-12,557033.0799999996
2019-09-13,550557.3599999998
2019-09-14,395907.0000000001
2019-09-15,385201.16999999987
2019-09-16,550655.61
2019-09-17,562253.6399999997
2019-09-18,560603.8899999991
2019-09-19,570538.6099999994
2019-09-20,555372.6299999999
2019-09-21,404580.3300000001
2019-09-22,390429.2699999998
2019-09-23,572237.8800000002
2019-09-24,573482.6999999997
2019-09-25,583960.2899999993
2019-09-26,572552.8099999998
2019-09-27,557283.4
2019-09-28,401647.95999999985
2019-09-29,384863.32000000024
2019-09-30,566838.0100000002
2019-10-01,575693.69
2019-10-02,581330.9699999999
2019-10-03,596445.9800000003
2019-10-04,592576.2599999997
2019-10-05,436115.4499999997
2019-10-06,413321.25000000047
2019-10-07,587594.0599999998
2019-10-08,593820.0500000002
2019-10-09,593068.7599999998
2019-10-10,591424.0499999996
2019-10-11,567226.4299999999
2019-10-12,411188.7199999998
2019-10-13,397525.8799999998
2019-10-14,552657.6900000003
2019-10-15,549506.3400000007
2019-10-16,551915.0299999996
2019-10-17,549689.51
2019-10-18,533418.3299999998
2019-10-19,411044.5400000003
2019-10-20,401474.19
2019-10-21,587324.7800000001
2019-10-22,589296.0699999998
2019-10-23,579641.34
2019-10-24,582151.42
2019-10-25,573818.1899999998
2019-10-26,425818.1099999997
2019-10-27,439240.79000000004
2019-10-28,619721.2700000006
2019-10-29,627822.4699999996
2019-10-30,623343.5900000008
2019-10-31,608930.2700000001
2019-11-01,604072.5800000005
2019-11-02,431815.51000000036
2019-11-03,422278.07999999984
2019-11-04,623980.67
2019-11-05,634021.9599999995
2019-11-06,635970.3300000004
2019-11-07,645241.7600000005
2019-11-08,622219.5399999998
2019-11-09,439040.4299999996
2019-11-10,414646.55000000005
2019-11-11,626056.8
2019-11-12,623314.5399999997
2019-11-13,623101.4199999995
2019-11-14,611200.4000000003
2019-11-15,610519.0699999996
2019-11-16,462133.0899999999
2019-11-17,426395.3799999999
2019-11-18,605506.94
2019-11-19,614565.1600000005
2019-11-20,612763.2900000002
2019-11-21,619969.6299999999
2019-11-22,624740.7499999992
2019-11-23,467540.08999999997
2019-11-24,451560.1399999996
2019-11-25,645313.2999999996
2019-11-26,650392.6400000001
2019-11-27,649428.3050000003
2019-11-28,645753.4200000004
2019-11-29,620913.7999999999
2019-11-30,474602.44000000006
2019-12-01,455546.1500000003
2019-12-02,637895.4299999997
2019-12-03,642386.67
2019-12-04,630282.9399999996
2019-12-05,606581.6799999998
2019-12-06,466336.0799999993
2019-12-07,446322.3599999998
2019-12-08,439629.9800000001
2019-12-09,612574.4500000002
2019-12-10,645641.1700000003
2019-12-11,649515.8399999999
2019-12-12,646231.6
2019-12-13,626445.5299999997
2019-12-14,471316.86999999994
2019-12-15,453872.6400000004
2019-12-16,614507.8100000004
2019-12-17,618023.9500000002
2019-12-18,625182.9700000002
2019-12-19,623735.1100000005
2019-12-20,587334.6600000001
2019-12-21,450867.23
2019-12-22,432361.6499999999
2019-12-23,498762.1199999997
2019-12-24,450126.8999999996
2019-12-25,461024.31999999995
2019-12-26,469349.0100000002
2019-12-27,531613.6899999998
2019-12-28,462485.64000000013
2019-12-29,442889.22
2019-12-30,519266.0600000001
2019-12-31,520889.60000000015
2020-01-01,462607.10000000015
